GEOID,diff_val
60014383001,-3
60855012003,-3
60014027002,-3
60014076002,-3
60952531011,-3
60816044003,-3
60014414011,-3
60971513082,-3
60971503053,-3
60952531051,-3
60750257021,-3
60750260032,-3
60952527054,-3
60855020023,-3
60952526041,-3
60014220002,-2
60014356022,-2
60014381003,-2
60750228022,-2
60014058002,-2
60014085001,-2
60750327003,-2
60855033212,-2
60750402003,-2
60014055001,-2
60971540002,-2
60014025001,-2
60014065002,-2
60014087006,-2
60855123132,-2
60014328003,-2
60014039003,-2
60014093004,-2
60014403312,-2
60133110002,-2
60014351042,-2
60816117002,-2
60750427003,-2
60552007043,-2
60816004022,-2
60411022021,-2
60014515062,-2
60014325013,-2
60014382042,-2
60014419261,-2
60855085084,-2
60133032021,-2
60552005011,-2
60971539032,-2
60971530024,-2
60952526051,-2
60014356024,-2
60855017004,-2
60552008042,-2
60855057004,-2
60855092021,-2
60855035041,-2
60971503061,-2
60014102003,-2
60952518034,-2
60971507011,-2
60855010001,-2
60750121002,-2
60952531074,-2
60816063003,-2
60014070005,-2
60750312013,-2
60014102001,-2
60014356021,-2
60014402002,-2
60014014001,-2
60014281004,-2
60014009001,-2
60014239012,-2
60133720003,-2
60750260011,-2
60552008022,-2
60952523142,-2
60816117003,-2
60014066013,-2
60133071021,-2
60952519023,-2
60855012004,-2
60014053022,-2
60014251023,-2
60952526081,-2
60750254013,-2
60952519022,-2
60952508012,-2
60014067003,-2
60816039004,-2
60014311002,-2
60750261003,-2
60816023001,-2
60014227002,-2
60750209003,-2
60855034012,-2
60855089001,-2
60133310004,-2
60855031122,-2
60855091081,-2
60014076004,-2
60014086002,-2
60971527021,-2
60855002003,-2
60014077001,-2
60855014021,-2
60855011023,-2
60133720001,-2
60133770005,-2
60855054011,-2
60014323002,-2
60855032082,-2
60014353002,-2
60014370003,-2
60750264031,-2
60750163001,-2
60750477012,-2
60816106012,-2
60750426011,-2
60750228033,-2
60014423022,-2
60014054022,-2
60855120431,-2
60971542013,-2
60855062033,-2
60014061002,-2
60552008031,-2
60971530022,-2
60952527023,-2
60133650031,-2
60133071022,-2
60411060023,-2
60014334003,-2
60952531073,-2
60133820004,-2
60014514011,-2
60014010001,-2
60855020021,-2
60014351041,-2
60014373001,-2
60014445003,-2
60750103003,-2
60014280001,-2
60014022002,-2
60855063051,-2
60816077011,-2
60014105001,-2
60014403311,-2
60014014003,-2
60952521033,-2
60855039022,-2
60855038023,-2
60952518021,-2
60952518041,-2
60552010072,-2
60750313023,-2
60014240021,-2
60552012003,-2
60855032132,-2
60855031182,-2
60133650032,-2
60971530011,-2
60971527022,-2
60014084002,-1
60014325023,-1
60133710003,-1
60952527071,-1
60855055002,-1
60014402004,-1
60855012002,-1
60014332004,-1
60971542014,-1
60750108001,-1
60855030012,-1
60855044211,-1
60971525023,-1
60014048001,-1
60014354003,-1
60750260031,-1
60014375001,-1
60014090001,-1
60750165002,-1
60750108003,-1
60855053033,-1
60133720005,-1
60952520003,-1
60952531013,-1
60952510002,-1
60014379002,-1
60014379001,-1
60014014002,-1
60014235002,-1
60952518032,-1
60014234004,-1
60014230001,-1
60014419231,-1
60014284001,-1
60750229013,-1
60014251041,-1
60855033061,-1
60855120251,-1
60750231031,-1
60014010006,-1
60750162003,-1
60952504003,-1
60750451003,-1
60750234001,-1
60411041021,-1
60816080231,-1
60014278005,-1
60855064023,-1
60133650022,-1
60014240014,-1
60014325011,-1
60855108013,-1
60855119152,-1
60014224002,-1
60014222002,-1
60750476003,-1
60014515011,-1
60855010003,-1
60014004002,-1
60855064011,-1
60133672003,-1
60014331042,-1
60855043232,-1
60014088001,-1
60014337002,-1
60971518001,-1
60855002001,-1
60971522013,-1
60750263022,-1
60133320006,-1
60133220001,-1
60133250002,-1
60133430013,-1
60014366013,-1
60014096002,-1
60014279004,-1
60014057003,-1
60014063002,-1
60014282003,-1
60014403052,-1
60014016002,-1
60014279002,-1
60014005001,-1
60855054021,-1
60855054012,-1
60855035103,-1
60014098003,-1
60014094002,-1
60855061034,-1
60855040021,-1
60855037081,-1
60014273004,-1
60014058004,-1
60855063011,-1
60855044124,-1
60014374002,-1
60855006001,-1
60855005004,-1
60855120271,-1
60855014022,-1
60855010004,-1
60855041011,-1
60855085082,-1
60133720002,-1
60133350003,-1
60750112003,-1
60816034003,-1
60816012002,-1
60816012003,-1
60816002002,-1
60816087003,-1
60816126002,-1
60816105001,-1
60816060002,-1
60411290001,-1
60750311004,-1
60750352015,-1
60750353004,-1
60750476004,-1
60750229033,-1
60750228021,-1
60750264032,-1
60552008041,-1
60855015012,-1
60816004011,-1
60411290002,-1
60855033123,-1
60855044152,-1
60014377022,-1
60014433211,-1
60014054012,-1
60014071012,-1
60855009022,-1
60855035092,-1
60855039031,-1
60014251021,-1
60750129022,-1
60750158012,-1
60750178012,-1
60750312022,-1
60750313012,-1
60750426012,-1
60750612001,-1
60971506111,-1
60971538041,-1
60133511013,-1
60133132061,-1
60952523132,-1
60952526101,-1
60952526112,-1
60952527042,-1
60952527033,-1
60952529114,-1
60952509002,-1
60952523162,-1
60952525012,-1
60952525021,-1
60952526082,-1
60952527043,-1
60952529083,-1
60952531071,-1
60952505011,-1
60552006012,-1
60971506013,-1
60971527014,-1
60971531022,-1
60971503043,-1
60971512031,-1
60855123073,-1
60014358002,-1
60855001002,-1
60750426023,-1
60014413012,-1
60552006013,-1
60952529111,-1
60971531021,-1
60411041022,-1
60971529034,-1
60014223001,-1
60750256002,-1
60750168023,-1
60855031183,-1
60855053034,-1
60014007001,-1
60855120192,-1
60855120531,-1
60014276001,-1
60014082003,-1
60855038042,-1
60014004003,-1
60855033362,-1
60014066011,-1
60855043143,-1
60855043154,-1
60014053021,-1
60971529052,-1
60952505022,-1
60133710004,-1
60750168021,-1
60855044121,-1
60855001004,-1
60855044181,-1
60014068003,-1
60014414013,-1
60133320005,-1
60014048002,-1
60855079051,-1
60014103001,-1
60014372003,-1
60750217001,-1
60816105003,-1
60750151001,-1
60855043112,-1
60133050002,-1
60133361011,-1
60014077002,-1
60971530023,-1
60855043155,-1
60411032001,-1
60952518033,-1
60855123143,-1
60855039032,-1
60014251011,-1
60014070004,-1
60971503052,-1
60952504001,-1
60855073016,-1
60014369001,-1
60014308004,-1
60014416023,-1
60014336001,-1
60014515034,-1
60014233002,-1
60855120311,-1
60014015003,-1
60014055003,-1
60014094001,-1
60855074023,-1
60855036021,-1
60855035044,-1
60855032131,-1
60855044101,-1
60855011011,-1
60855084011,-1
60133680011,-1
60014054013,-1
60014035013,-1
60750257012,-1
60133690012,-1
60750604001,-1
60750228012,-1
60816016051,-1
60971530013,-1
60952511002,-1
60952502002,-1
60014071023,-1
60855033273,-1
60014371021,-1
60855120233,-1
60014502001,-1
60014104003,-1
60855062041,-1
60855045061,-1
60014506071,-1
60855053051,-1
60014202003,-1
60971539022,-1
60014231004,-1
60750205001,-1
60014323001,-1
60014337003,-1
60855035081,-1
60855037071,-1
60855045074,-1
60133690011,-1
60971541004,-1
60971513093,-1
60971531024,-1
60971522034,-1
60750259001,-1
60552002022,-1
60552008043,-1
60133390012,-1
60816015021,-1
60014423012,-1
60014066021,-1
60133350002,-1
60750402004,-1
60855085072,-1
60133680013,-1
60014011003,-1
60952506011,-1
60014444001,-1
60552005031,-1
60014286002,-1
60133760003,-1
60952527021,-1
60133310003,-1
60014302004,-1
60855084016,-1
60014056003,-1
60014018002,-1
60855029011,-1
60411090011,-1
60750353006,-1
60750326021,-1
60133710005,-1
60855063013,-1
60855052021,-1
60816003001,-1
60014091002,-1
60014056001,-1
60855037111,-1
60411121001,-1
60014403042,-1
60014013002,-1
60014287001,-1
60133032041,-1
60971503051,-1
60750303011,-1
60855032101,-1
60855108031,-1
60816014001,-1
60133010001,-1
60133730002,-1
60014368001,-1
60133020072,-1
60855043181,-1
60952514001,-1
60952523052,-1
60133141031,-1
60133361012,-1
60014376002,-1
60952518031,-1
60014415212,-1
60133500001,-1
60014383002,-1
60750332042,-1
60855020012,-1
60855034011,-1
60971537053,-1
60014060002,-1
60014415222,-1
60855095002,-1
60855094043,-1
60855063054,-1
60855120252,-1
60855004001,-1
60971531031,-1
60133400014,-1
60133591032,-1
60855010002,-1
60014369003,-1
60750329022,-1
60014419212,-1
60014057001,-1
60014066012,-1
60014369004,-1
60014507412,-1
60855045071,-1
60855036023,-1
60014330001,-1
60816054005,-1
60816076003,-1
60855035102,-1
60133560013,-1
60014010003,-1
60816074002,-1
60855067021,-1
60014227001,-1
60133280002,-1
60750327002,-1
60952520001,-1
60855026043,-1
60133100001,-1
60855066052,-1
60014228002,-1
60014221001,-1
60133452033,-1
60855029094,-1
60855027011,-1
60855062044,-1
60014373002,-1
60014058001,-1
60014282004,-1
60855044111,-1
60855044222,-1
60855107002,-1
60855106002,-1
60855099021,-1
60855093033,-1
60855091083,-1
60855020022,-1
60014092001,-1
60855063052,-1
60855033044,-1
60855086021,-1
60133592043,-1
60133671002,-1
60133710002,-1
60133730003,-1
60133830002,-1
60133660023,-1
60855081013,-1
60014236021,-1
60855053053,-1
60855052032,-1
60014010002,-1
60014008002,-1
60014096003,-1
60014333004,-1
60133050001,-1
60133071024,-1
60133072052,-1
60855120342,-1
60014230003,-1
60014401001,-1
60855035112,-1
60855033271,-1
60855033272,-1
60855032173,-1
60855031132,-1
60133332005,-1
60014098002,-1
60014057002,-1
60014062011,-1
60014076003,-1
60014086001,-1
60014223003,-1
60855013003,-1
60855084042,-1
60855126042,-1
60750605022,-1
60750103002,-1
60750106003,-1
60750156003,-1
60750228013,-1
60750229022,-1
60750230011,-1
60750232003,-1
60750253003,-1
60750259002,-1
60750260021,-1
60750264023,-1
60750353005,-1
60750354005,-1
60411101003,-1
60816027002,-1
60816135012,-1
60816015013,-1
60816012001,-1
60816050001,-1
60855113011,-1
60750326022,-1
60750329011,-1
60750332031,-1
60750123022,-1
60014419272,-1
60014514043,-1
60855113022,-1
60855120261,-1
60855125091,-1
60855045063,-1
60855018002,-1
60855093041,-1
60133551121,-1
60411032002,-1
60411042003,-1
60750158013,-1
60133020092,-1
60014419262,-1
60014377013,-1
60816104002,-1
60855034023,-1
60552007071,-1
60952508013,-1
60133080011,-1
60014055002,-1
60816002001,-1
60816104001,-1
60133362013,-1
60971518004,-1
60952502003,-1
60952517022,-1
60952526043,-1
60971502031,-1
60971506094,-1
60552005032,-1
60971506033,-1
60971509015,-1
60971513081,-1
60971530056,-1
60971541001,-1
60952527072,-1
60952531016,-1
60952517012,-1
60133660022,-1
60014403061,-1
60816042002,-1
60855066051,-1
60816105002,-1
60014012001,-1
60014302003,-1
60014416022,-1
60855037112,-1
60971539021,-1
60952501051,-1
60014236022,-1
60855035061,-1
60750232001,-1
60411022032,-1
60855009012,-1
60014099003,-1
60816118001,-1
60411212002,-1
60750303013,-1
60855095001,-1
60014086004,-1
60133141021,-1
60133451031,-1
60552005012,-1
60133331013,-1
60133790001,-1
60552020001,-1
60014336002,-1
60750112001,-1
60750209001,-1
60855126031,-1
60552016012,-1
60014036001,-1
60014075001,-1
60014310001,-1
60014380002,-1
60816014003,-1
60133200042,-1
60014015001,-1
60014382012,-1
60133640021,-1
60855092012,-1
60133010002,-1
60014008001,-1
60014223002,-1
60855035062,-1
60014356011,-1
60014236023,-1
60133361013,-1
60855106001,-1
60014327002,-1
60014071022,-1
60133400012,-1
60014382031,-1
60971521001,-1
60750234002,-1
60133650021,-1
60133690021,-1
60750263032,-1
60855124012,-1
60014018001,-1
60014377021,-1
60855033062,-1
60133212002,-1
60816019012,-1
60133580005,-1
60014415233,-1
60855033322,-1
60971503062,-1
60133750001,-1
60014273005,-1
60855082033,-1
60014022001,-1
60855033252,-1
60014031001,-1
60855078052,-1
60952534042,-1
60014015002,-1
60952514003,-1
60133142001,-1
60014366021,-1
60816106023,-1
60855126021,-1
60855130001,-1
60014308001,-1
60855081021,-1
60133373002,-1
60971538093,-1
60750254011,-1
60971503042,-1
60133810003,-1
60855130003,-1
60750126022,-1
60750312014,-1
60952506051,-1
60133650023,-1
60750209004,-1
60014206003,-1
60816136004,-1
60014365002,-1
60133451011,-1
60750328023,-1
60133331011,-1
60014335004,-1
60816074003,1
60855043162,1
60133060021,1
60855091092,1
60014279003,1
60014053012,1
60750133004,1
60014426021,1
60816080133,1
60855034013,1
60014372002,1
60971506093,1
60855033251,1
60971530021,1
60014040001,1
60855125052,1
60855035091,1
60133820001,1
60750105001,1
60855024005,1
60014087002,1
60952523152,1
60750226002,1
60855015011,1
60855085053,1
60014063004,1
60855044183,1
60855043142,1
60014070003,1
60014332001,1
60014403073,1
60816061003,1
60133740001,1
60816016032,1
60750304004,1
60952515002,1
60971503044,1
60014360001,1
60750402002,1
60750313022,1
60133511012,1
60855048023,1
60014331031,1
60952519012,1
60952532033,1
60133860002,1
60014307003,1
60014402003,1
60014441003,1
60014333001,1
60014358001,1
60014370002,1
60014007002,1
60014384001,1
60855082041,1
60855048051,1
60014280002,1
60014419233,1
60014069003,1
60014512011,1
60855068024,1
60855066062,1
60855066041,1
60855035111,1
60014231001,1
60014217002,1
60855033241,1
60855033372,1
60855027012,1
60014516021,1
60855043161,1
60855021012,1
60855013001,1
60855126041,1
60133580001,1
60855004002,1
60133131022,1
60133553062,1
60133290003,1
60971543041,1
60855038022,1
60855089003,1
60855031121,1
60750155003,1
60816039003,1
60816021002,1
60816016053,1
60816135011,1
60816080132,1
60816063001,1
60816077022,1
60750354002,1
60750108002,1
60750133003,1
60750233001,1
60750260041,1
60816019022,1
60816004023,1
60816084003,1
60014333002,1
60014403084,1
60411090013,1
60014419242,1
60014421002,1
60014351043,1
60855120392,1
60855120214,1
60855011012,1
60855029061,1
60014514042,1
60014433212,1
60750204021,1
60750329021,1
60971538062,1
60133020053,1
60133551091,1
60952527024,1
60952529142,1
60952506013,1
60552008044,1
60971513074,1
60971525013,1
60971530012,1
60971520002,1
60971522012,1
60971534034,1
60971522033,1
60855054013,1
60133060042,1
60014353003,1
60952532031,1
60014371012,1
60014430022,1
60014306002,1
60855086023,1
60750311002,1
60014035012,1
60133680021,1
60133072053,1
60014445004,1
60133851002,1
60816030004,1
60750106002,1
60952527041,1
60750476001,1
60816028001,1
60971506113,1
60971509013,1
60855035071,1
60750326013,1
60133220003,1
60133601013,1
60971529051,1
60855043223,1
60952524012,1
60750302023,1
60855092023,1
60855056001,1
60971508003,1
60014062014,1
60133110001,1
60014324002,1
60014330004,1
60014101001,1
60014230002,1
60855063023,1
60750610002,1
60816050005,1
60816009001,1
60855032182,1
60952527073,1
60552018001,1
60971506034,1
60014278003,1
60952512003,1
60855038043,1
60014507501,1
60750131021,1
60133390011,1
60971520001,1
60133660011,1
60014322002,1
60816011003,1
60971506035,1
60750301013,1
60952519032,1
60014501011,1
60952534021,1
60855043191,1
60014237003,1
60133310002,1
60855031111,1
60855040011,1
60014403332,1
60750354004,1
60133032042,1
60816010004,1
60816110004,1
60014213002,1
60952503003,1
60855041023,1
60816061002,1
60014305001,1
60014370001,1
60014056002,1
60855125103,1
60750119012,1
60855062021,1
60750171013,1
60014036002,1
60952523143,1
60133310006,1
60855053052,1
60855120352,1
60855062023,1
60014202001,1
60855044161,1
60855035043,1
60952514002,1
60952521032,1
60750205002,1
60816106021,1
60855029103,1
60971503054,1
60750309004,1
60014360002,1
60014305002,1
60014332002,1
60816016054,1
60855120432,1
60855043201,1
60750304005,1
60816016031,1
60952502001,1
60014100002,1
60816027003,1
60750426021,1
60014445001,1
60014325022,1
60014372001,1
60014429003,1
60855043172,1
60014444003,1
60971530031,1
60971543043,1
60971537051,1
60014446012,1
60014331043,1
60855032171,1
60855038031,1
60014414014,1
60552002013,1
60952521021,1
60133050004,1
60133630004,1
60411141002,1
60750256004,1
60855029014,1
60014064001,1
60855053011,1
60750230032,1
60855125102,1
60014224001,1
60750264021,1
60855048022,1
60816086003,1
60816103021,1
60750352012,1
60133891002,1
60855044153,1
60133141032,1
60855053032,1
60411192012,1
60014333005,1
60855120523,1
60750312012,1
60952501042,1
60952501032,1
60750260022,1
60855043083,1
60855123102,1
60750263021,1
60014010004,1
60855053012,1
60014514041,1
60014261004,1
60855041022,1
60816080022,1
60750264011,1
60014424002,1
60952531054,1
60971509011,1
60952528014,1
60133580004,1
60855120012,1
60855048062,1
60855120533,1
60971506092,1
60855033242,1
60952529113,1
60971516022,1
60411191003,1
60014078002,1
60133602003,1
60855043192,1
60855120521,1
60855120053,1
60855022022,1
60014419211,1
60014403071,1
60014004001,1
60855043231,1
60014101002,1
60014075003,1
60855092011,1
60014361002,1
60014514013,1
60014382011,1
60855125051,1
60855089002,1
60855084015,1
60855048021,1
60855054032,1
60855037121,1
60855033222,1
60133740004,1
60014060001,1
60855077021,1
60855052023,1
60014231003,1
60014102002,1
60133640022,1
60133071011,1
60133072043,1
60133150001,1
60133342005,1
60133430022,1
60014222003,1
60855029081,1
60014355001,1
60014337001,1
60014429002,1
60014403082,1
60750180002,1
60855031162,1
60014239011,1
60750477023,1
60750180001,1
60750217002,1
60750256001,1
60750302012,1
60750331003,1
60750352022,1
60816105004,1
60816101001,1
60816063002,1
60816076004,1
60816037002,1
60816039006,1
60816125003,1
60816102012,1
60816012004,1
60816008002,1
60816016052,1
60816011005,1
60014036003,1
60014037022,1
60855050071,1
60855095003,1
60750332032,1
60133040021,1
60014502003,1
60014071011,1
60014332003,1
60971538061,1
60133610003,1
60855038024,1
60855044102,1
60855050061,1
60971516023,1
60014501021,1
60014251042,1
60014285002,1
60014287002,1
60816079003,1
60552007042,1
60552012002,1
60552010041,1
60952527051,1
60952531082,1
60952526111,1
60855031222,1
60855017001,1
60750478023,1
60014372004,1
60855081012,1
60855051001,1
60855121001,1
60014424004,1
60133382032,1
60855077013,1
60855065023,1
60014354002,1
60855032102,1
60855046011,1
60014049003,1
60952503001,1
60952515001,1
60952531061,1
60952527045,1
60952526052,1
60552005013,1
60971513103,1
60971530066,1
60971513013,1
60971507014,1
60971527023,1
60971530054,1
60971530034,1
60971531041,1
60971519004,1
60952524022,1
60952505021,1
60952521031,1
60855032121,1
60133200041,1
60133240023,1
60971513011,1
60855037031,1
60133592042,1
60133720006,1
60014361001,1
60014353001,1
60411121003,1
60133310001,1
60411262002,1
60133132042,1
60855094042,1
60971513101,1
60952520002,1
60750310002,1
60855045073,1
60411241004,1
60971518005,1
60552015001,1
60411192011,1
60750302011,1
60816001001,1
60816132003,1
60816074001,1
60816044002,1
60750427002,1
60855023022,1
60855021013,1
60855043081,1
60552007041,1
60014308002,1
60855022021,1
60014027001,1
60855029104,1
60855120302,1
60014361003,1
60133601011,1
60133090002,1
60971502032,1
60014041021,1
60855124021,1
60552010051,1
60816019023,1
60952506012,1
60750256003,1
60133591021,1
60816040003,1
60750478022,1
60855063041,1
60552002012,1
60014507423,1
60014324003,1
60816102013,1
60411060012,1
60750353002,1
60750163002,1
60855026042,1
60816053002,1
60855035063,1
60855033052,1
60014381006,1
60816089002,1
60855039021,1
60855043171,1
60552010052,1
60750257011,1
60855084013,1
60855119161,1
60971513051,1
60014414012,1
60014357001,1
60014013001,1
60855120421,1
60014430023,1
60014403081,1
60133332001,1
60133892001,1
60014322003,1
60855046021,1
60014070002,1
60133690022,1
60952529032,1
60952511001,1
60952516001,1
60552018002,1
60952519021,1
60014205001,1
60750263023,1
60133602002,1
60014035021,1
60552008021,1
60750353001,1
60411081003,1
60750230012,1
60750301012,1
60816125001,1
60750103001,1
60816033001,1
60014351022,1
60750254032,1
60133373006,1
60816072001,1
60750327004,1
60750156002,1
60750251001,1
60952525011,1
60133212003,1
60971530053,1
60855068012,1
60014068002,1
60855037072,1
60014059013,1
60133020061,1
60952513002,1
60411060011,1
60014506033,1
60014039001,2
60750168022,2
60750156001,2
60855120393,2
60855013002,2
60133071012,2
60816049001,2
60816126003,2
60014011004,2
60014225001,2
60855096002,2
60855094032,2
60855065031,2
60855044141,2
60816006002,2
60816042001,2
60552016024,2
60014423023,2
60855123142,2
60855064012,2
60952519024,2
60952531081,2
60971513062,2
60971513083,2
60971530061,2
60816066001,2
60133870003,2
60133132063,2
60014515033,2
60133170002,2
60133340012,2
60750230031,2
60133060031,2
60014234001,2
60014277004,2
60855054022,2
60855008001,2
60971530025,2
60952527044,2
60014251022,2
60855092014,2
60552006023,2
60750329014,2
60014076005,2
60552008023,2
60133060022,2
60816107002,2
60855012001,2
60133560011,2
60014444002,2
60014373003,2
60133591022,2
60855050072,2
60855043193,2
60014507411,2
60855079053,2
60014335003,2
60014003003,2
60855066063,2
60855085052,2
60855041021,2
60133602001,2
60014284002,2
60133110003,2
60133131021,2
60750479021,2
60750610001,2
60750302022,2
60750327001,2
60816103043,2
60816110002,2
60816084002,2
60816021001,2
60816138001,2
60816042003,2
60014403083,2
60133650033,2
60855123144,2
60971538063,2
60855023011,2
60952506041,2
60133342003,2
60816085011,2
60971506031,2
60816126004,2
60816025002,2
60750331001,2
60855041012,2
60014061003,2
60133180003,2
60855062043,2
60014366011,2
60750119021,2
60014442001,2
60855018001,2
60750427001,2
60855120222,2
60552010032,2
60855045072,2
60014279001,3
60952527022,3
60014423021,3
60816136003,3
60014369002,3
60855031212,3
60855033223,3
60855038032,3
60816049002,3
60014419244,NA
60014501022,NA
60411311001,NA
60014078001,NA
60750177001,NA
60855043182,NA
60759805011,NA
60014415031,NA
60855034021,NA
60411242001,NA
60971527024,NA
60014017003,NA
60816117004,NA
60014251012,NA
